{"train_loss": [0.6145818732001564, 0.5082743915644559, 0.5343137751926076, 0.5180166699669578, 0.4034626678986983, 0.40003300471739334, 0.41416514136574484, 0.38229984695261177, 0.32594747109846633, 0.3073123021559282, 0.2864118749445135, 0.24054135192524304, 0.2701572136445479, 0.31202218424190176, 0.18988630338148638, 0.268878587809476, 0.2965811263431202, 0.197123122215271, 0.16191128275611183, 0.21047882058403708, 0.2450235659425909, 0.1633627317168496, 0.18688116615468806, 0.25875399112701414, 0.17750426964326338, 0.24477104273709385, 0.23761424584822222, 0.16235940564762463, 0.1871603705666282, 0.1727036627856168], "train_F1": [0.44009957986310516, 0.5961588291040891, 0.5509327808498365, 0.588622432369041, 0.7089873734330951, 0.7081029480195987, 0.6942801477252794, 0.7612388509447051, 0.7741009940312548, 0.7920000487974166, 0.8026056955575193, 0.8307475625922877, 0.8067554673753065, 0.8103807493063893, 0.8785738714647262, 0.8558193508245672, 0.828158547226311, 0.8756802140750813, 0.8904633402341676, 0.887767000077863, 0.8549222740325342, 0.8810183081951438, 0.8841402260662066, 0.8759955089076643, 0.8921349993928204, 0.8928962455779652, 0.8635355133583337, 0.8951733150161671, 0.879445794079463, 0.8961838127321413], "train_IoU": [0.28213312476990204, 0.4246625910847374, 0.380198222393674, 0.41705525570812496, 0.5491715253927867, 0.5481109713301993, 0.5317221351239778, 0.6145162459488188, 0.6314557645142513, 0.6556292059523411, 0.6702935637657145, 0.7104946169144569, 0.6761023791164958, 0.6812101845476144, 0.7834433754564434, 0.7479757251980476, 0.706715524754737, 0.7788533342893236, 0.8025542305398903, 0.7981843733642251, 0.7466063260554806, 0.7873393413382033, 0.7923399039193831, 0.7793523209647943, 0.8052741073180164, 0.806515416474315, 0.7598438169503587, 0.8102386801322294, 0.7848311036028791, 0.8118958781990284], "train_mF1": [0.22513008445981605, 0.2027264240578882, 0.20015681028677332, 0.18962517477074609, 0.21591869340676295, 0.22361289904309703, 0.2325768280349508, 0.2321064325760667, 0.2168348811729438, 0.24566856985997773, 0.2393781036560609, 0.2570093452229903, 0.2579380578782032, 0.24639720040374488, 0.2679810599765853, 0.26392830792420796, 0.2431456301345248, 0.2694982025744097, 0.268355116728394, 0.27885656724233004, 0.23296479985328825, 0.2663276569394347, 0.26247841042463926, 0.2612448725759567, 0.2803387528680553, 0.2536910116520131, 0.24483148152905737, 0.2709602888595664, 0.29201832945237716, 0.2903647294314353], "val_loss": [0.6371068954467773, 0.44565316041310626, 0.3892700771490733, 0.5370901624361674, 0.43761778871218365, 0.4318973322709401, 0.3520347674687703, 0.2539793352286021, 0.46997620662053424, 0.3250742554664612, 0.47790148854255676, 0.17414841055870056, 0.2646293044090271, 0.3323041796684265, 0.2915573716163635, 0.2949817180633545, 0.6044746538003286, 0.39790629347165424, 0.43952473004659015, 0.24423426389694214, 0.38194828232129413, 0.20677941044171652, 0.4241887629032135, 0.10081593195597331, 0.28858450055122375, 0.25091933210690814, 0.31670289238293964, 0.18944913148880005, 0.11181941628456116, 0.39775421222050983], "val_F1": [0.5049798388901988, 0.612662654683857, 0.6981347768461947, 0.6393677186847693, 0.7015814459798615, 0.7628199309238822, 0.8240475499413198, 0.824820602406644, 0.7009216589861751, 0.7012621262882336, 0.6126271790357448, 0.8287323687441933, 0.784918608051467, 0.7321667869291826, 0.8860931832590236, 0.8116971564723703, 0.5788715438811154, 0.8622095528522655, 0.7466611307175974, 0.9226661888550439, 0.7535871952082468, 0.8997751204711761, 0.7527536407823655, 0.8906833258593763, 0.8117452814917931, 0.8592817194629218, 0.8007886478267464, 0.8457306485006345, 0.8898018168342092, 0.6871152003066897], "val_IoU": [0.3377746013239956, 0.4416104394164096, 0.5362573363431151, 0.46990485781120517, 0.5403353516534699, 0.6165795505366727, 0.700749039555298, 0.701867820433025, 0.5395530329904221, 0.53995663057399, 0.4415735768918662, 0.7075516701982494, 0.6459802719822358, 0.5774945626765859, 0.7954823239627166, 0.6830726366544264, 0.4073323149562561, 0.757792926644526, 0.5957376325088339, 0.8564348202108905, 0.6046048245903201, 0.8178101924549359, 0.6035324418622063, 0.8029116902523613, 0.683140802092415, 0.7532812738464669, 0.6677627312112486, 0.7326978294988536, 0.8014801594224292, 0.5233629031787097], "val_mF1": [0.13856948682016446, 0.19669227276164064, 0.19467579914089825, 0.16935788718660727, 0.18343392327727656, 0.1553341875958418, 0.18464046206779625, 0.19607604575355933, 0.11012909449600995, 0.1994548321326049, 0.1714299019472662, 0.19431539089652286, 0.19832292036045404, 0.17831675724085128, 0.14993142020970868, 0.19140663323129528, 0.0883689462032922, 0.16182077846213064, 0.14282808209544864, 0.16574891021495478, 0.17650628041477742, 0.20908673338450146, 0.1667205143441769, 0.2398088878990791, 0.18298991094471526, 0.24616236951063217, 0.23503464451411693, 0.21111506308352226, 0.24623220852111471, 0.18626949584373428], "lr": [3.817415401428237e-05, 6.170673762973379e-05, 9.774798843410716e-05, 0.0001419333622060347, 0.00018891207301380725, 0.00023299506578282976, 0.0002688439527752581, 0.00029211748475380757, 0.0002999994451284859, 0.00029826328359414204, 0.0002932151988095275, 0.0002849679566470215, 0.000273705786868377, 0.00025968026773627356, 0.0002432047061716498, 0.00022464713899481335, 0.0002044221115910381, 0.0001829814176516727, 0.00016080400684964234, 0.00013838528589519615, 0.00011622605196863532, 9.482130573884743e-05, 7.46491938663274e-05, 5.6160327996896005e-05, 3.976771884214521e-05, 2.5837550202620826e-05, 1.4680999026819153e-05, 6.547284232361698e-06, 1.6180995671975535e-06, 3.5548715140432457e-09]}