{"train_loss": [0.8349687232345832, 0.8044934135968568, 0.7588060722976434, 0.7531797990935748, 0.6995341355194811, 0.7256752301435001, 0.6679677926614637, 0.6841872864570774, 0.7133886276698503, 0.6700411925061804, 0.6269444067214356, 0.5844129047921447], "train_F1": [0.09251769856969078, 0.1792409481499445, 0.3559619432239995, 0.37535862199592845, 0.5483453312617539, 0.5437381087239193, 0.5699002026848762, 0.636596991434958, 0.5960110757059153, 0.6624014809210099, 0.6986068764805555, 0.7585807218310798], "train_IoU": [0.04850252004976254, 0.09844298067216502, 0.21651685115005775, 0.23104090975269237, 0.37773813777512694, 0.37337934335935763, 0.39850379935359026, 0.4669176959679481, 0.42451266202515464, 0.49521696643108554, 0.5368146364499501, 0.611059240960055], "val_loss": [0.8209403065534738, 0.7210087638634902, 0.6748029406254108, 0.7709677127691416, 0.7124523382920486, 0.6815875035065871, 0.521387707728606, 0.6038470646509757, 0.658983221420875, 0.6806902782275126, 0.595997939316126, 0.6350490347697184], "val_F1": [0.45677860696208644, 0.5598313306675361, 0.5475013026823145, 0.6847384412595042, 0.640016962186939, 0.6774099306984831, 0.7867312344236931, 0.8024637806851536, 0.7235038408817751, 0.7230026038056564, 0.8717909726285822, 0.86218888062168], "val_IoU": [0.2959903284277918, 0.38872622532958234, 0.37693755160908543, 0.5206100921213077, 0.4706065769879946, 0.5121843467766511, 0.6484393703566522, 0.6700956244515693, 0.5667888898166019, 0.5661739060395267, 0.7727211460625726, 0.7577609903239167], "lr": [6.666666666666667e-05, 0.0001, 0.0001, 9.698463103929542e-05, 8.83022221559489e-05, 7.500000000000001e-05, 5.868240888334653e-05, 4.131759111665349e-05, 2.500000000000001e-05, 1.1697777844051105e-05, 3.0153689607045845e-06, 0.0]}