{"train_loss": [0.760906853220042, 0.7758877855889937, 0.7303096362773109, 0.7166709943729288, 0.7297673006268108, 0.7096768056645113, 0.6569298873929417, 0.681844034615685, 0.6695048300658956, 0.6397538947708467], "train_F1": [0.3022963570729896, 0.31962192953782553, 0.36798796179701987, 0.3784270299037168, 0.39167027906435137, 0.39387338390525234, 0.4720489302493822, 0.41798515265777614, 0.4498596994758384, 0.4865069666020505], "train_IoU": [0.17806191223799256, 0.19020834367941739, 0.22548115650066775, 0.2333703366313803, 0.24352610908445843, 0.24523183910801785, 0.308942439057572, 0.26421063832617553, 0.2902057957745655, 0.3214464525877544], "val_loss": [0.7483967915177345, 0.7847518995404243, 0.775900773704052, 0.8220102936029434, 0.6834230944514275, 0.7557471692562103, 0.8385472074151039, 0.7532445937395096, 0.7345041036605835, 0.7380182221531868], "val_F1": [0.4294682116052334, 0.3079382246726899, 0.331390384255324, 0.3442901291076467, 0.4755130009931335, 0.5003729951443975, 0.27430772934897296, 0.4564454439906539, 0.6512662738236557, 0.5107867531935615], "val_IoU": [0.2734540076034952, 0.18198994218938772, 0.19860270558696821, 0.20794109835323368, 0.3119167308759658, 0.3336649670379721, 0.1589551822269499, 0.2957106000650424, 0.48287238702778895, 0.34299100836560803], "lr": [0.0002926829491861254, 0.0002714480406590546, 0.0002383738952177247, 0.0001966980406590546, 0.00015049999999999997, 0.00010430195934094535, 6.262610478227527e-05, 2.955195934094537e-05, 8.317050813874547e-06, 1e-06]}