{"train_loss": [9.545782875556212, 4.155364164939294, 3.2195347604843287, 2.465727754510366, 2.1619550860845127, 1.9298737668074095, 1.6368766163404171, 1.4523859367920802, 1.3606693756121855, 1.5808991021834886, 1.20058061927557, 1.59870183467865], "train_F1": [0.4155555220935666, 0.5895667444871621, 0.5945112412231263, 0.564974296093417, 0.6377935894302532, 0.6437374915098008, 0.6561239551842003, 0.6514786238930029, 0.6646012723620224, 0.6613231411107989, 0.6558057225881597, 0.6517397198885168], "train_IoU": [0.2622720631035621, 0.4180040013823935, 0.42299252662860115, 0.39370325880253054, 0.46820627511471935, 0.47464077748961275, 0.48823249563476884, 0.48310589319224256, 0.49768002515439996, 0.49401252940126833, 0.48788016256911276, 0.48339310258003493], "train_mF1": [0.11442385752668265, 0.21877065651433356, 0.23958585857410952, 0.22132116093606338, 0.26551554938974736, 0.24767897065088476, 0.2506979248327821, 0.2545568324393281, 0.24829124273563738, 0.2524790621176404, 0.2528811748682504, 0.2615826191210776], "val_loss": [4.0983509222666425, 2.8465678691864014, 1.4022678136825562, 1.2823247114817302, 1.3319207231203716, 0.9606891473134359, 1.1020440657933552, 1.7928198178609211, 1.4559261798858643, 1.1928035418192546, 1.4082905848821003, 1.057713508605957], "val_F1": [0.47353901553152816, 0.6251117307396514, 0.4726218960525917, 0.6694994331879175, 0.668321573599134, 0.5560461681995919, 0.5739962423074763, 0.6308859334785267, 0.5910053260573883, 0.5930881294268531, 0.5406167971399397, 0.5821020668979084], "val_IoU": [0.31022018928077544, 0.45466365865201835, 0.30943346302472946, 0.503193647479653, 0.5018640839631308, 0.3850858358167035, 0.4025208483575692, 0.46079866455643625, 0.41945178146319945, 0.42155314901511287, 0.3704419758158469, 0.4105387653851639], "val_mF1": [0.13219467320836017, 0.22670060014968169, 0.17780526031869776, 0.20407336581768531, 0.25319624730126583, 0.1807125036379246, 0.22274538965564264, 0.22273720979884998, 0.1827959516262445, 0.22045894201400873, 0.16076916805316588, 0.22689305329467235], "lr": [0.0001, 9.755282581475769e-05, 9.045084971874738e-05, 7.938926261462366e-05, 6.545084971874738e-05, 5e-05, 3.4549150281252636e-05, 2.061073738537635e-05, 9.549150281252633e-06, 2.4471741852423237e-06, 0.0, 0.0]}