{"train_loss": [0.7043114662584331, 0.5949595676114162, 0.5479989988315437, 0.49898106697946787, 0.44011290423158145, 0.3668867097650137, 0.29141711386748487, 0.24372534200342166, 0.21839019627724257, 0.20605087357883653, 0.2001076822117385, 0.19774072182675204, 0.19494122553927204, 0.1885439838644945, 0.18388021432070267, 0.18455385734948018, 0.1832392631460809, 0.18251732123705247, 0.17641789698973298, 0.177517762588751, 0.17658359966137344, 0.17326949629932642, 0.17424135649990705, 0.17066243016678426, 0.16978990682400763, 0.1692337430237482, 0.16944488355269036, 0.1650521572575801, 0.16453589731827378, 0.16394551367395455, 0.16286219330504537, 0.16188660132077834, 0.1606137378451725, 0.16111920282451642, 0.15863923751749098, 0.1586049500749343, 0.15790763440438443, 0.15868787043210533, 0.15814275943881106, 0.1578674981267088], "train_F1": [0.16544437785597899, 0.514338811880968, 0.577959117139657, 0.6185189589729809, 0.6502921677720572, 0.6830631746342382, 0.7124372118791842, 0.7276575157152222, 0.737314621125948, 0.7451367140317716, 0.7469985094491208, 0.7531266608544941, 0.7540540161494472, 0.758706367831936, 0.7653163504791708, 0.763439011640642, 0.763280898057178, 0.7661151832460733, 0.7711139553011143, 0.7689270517545532, 0.7728591172302793, 0.7737254912262728, 0.7747515872589142, 0.7787743819774261, 0.7790184965511181, 0.7794970019548465, 0.7813387223627085, 0.7866626441275473, 0.7861791740546457, 0.7865059005068367, 0.7879101189188809, 0.7893695271607422, 0.7912080935202633, 0.7924039660708125, 0.7935305915532868, 0.7929998698599059, 0.7946860138640354, 0.7952506376573545, 0.794474807758623, 0.7942623428296055], "train_IoU": [0.09018226313717669, 0.34620195775065166, 0.4064293257006294, 0.4477216411983202, 0.48180217395540303, 0.5186757340805064, 0.5533223066495877, 0.5719038110436598, 0.5839258404840469, 0.5937991192856029, 0.5961672951567717, 0.6040121616287175, 0.6052060249185679, 0.6112223153088822, 0.6198481293375706, 0.6173888864580437, 0.6171821045361902, 0.6208968396754811, 0.6274902043419823, 0.6245990969507093, 0.6298047176831859, 0.6309561894098223, 0.6323220493105274, 0.6376990217732483, 0.6380264519574131, 0.6386686498954494, 0.64114511283853, 0.6483461836233468, 0.647689640225401, 0.6481332713816528, 0.6500426504807608, 0.6520317676371188, 0.6545444995776257, 0.6561829815659022, 0.6577295586590375, 0.6570006498407454, 0.6593186696618912, 0.6600963341545023, 0.6590279596575604, 0.6587356197313828], "train_mF1": [0.263172294793754, 0.40894821785237595, 0.44663391817957276, 0.48125798457892505, 0.5095416872702413, 0.5420241608416903, 0.5666476834963639, 0.5848476615718972, 0.5928773657106433, 0.6013826101104613, 0.6064130354858321, 0.6066521527286229, 0.6110019032801062, 0.6155936881408576, 0.6169442330197067, 0.6197734074566983, 0.6183029060416314, 0.6215781877215066, 0.6266460182397138, 0.6235798962142665, 0.625771215089726, 0.6305350961159806, 0.6309826330704519, 0.6338858715417257, 0.6335801877364707, 0.6349660513551617, 0.6351400263606096, 0.6392236615588992, 0.6388033917944695, 0.6423808198613764, 0.6407329989299908, 0.6427610844300223, 0.6431255123804477, 0.6442054409155985, 0.6453177244182972, 0.6468339245296869, 0.6466133624848482, 0.6477059315320304, 0.6462871131155181, 0.6471456569137133], "train_precision": [0.09111901540575744, 0.36006934555906744, 0.4234399371740633, 0.46748551683999445, 0.5052433244537554, 0.5552437379096452, 0.6059102298725352, 0.6459240943522117, 0.6606759578123436, 0.6725046574725866, 0.6762951931203715, 0.684466250428294, 0.6874661364642553, 0.6892514587068272, 0.6952957675869312, 0.6939665908834901, 0.6907303141318487, 0.6967037885244418, 0.702165354644336, 0.7014620909970027, 0.7036791620341316, 0.7038921807460611, 0.7086633599504638, 0.7126288825672249, 0.7106447377491492, 0.7101755911098611, 0.7159697052450259, 0.7178523614905755, 0.7174104049203075, 0.7187988608891357, 0.7200222390764999, 0.7204987468792242, 0.7248720335039553, 0.7269885630541368, 0.7276333844867204, 0.7251426439465576, 0.7287635194387606, 0.7307671641936855, 0.728109213472248, 0.728331053683725], "train_recall": [0.8976682354082771, 0.8998918759139986, 0.9100486507297609, 0.9137202070124899, 0.9121621621621622, 0.8873303395731369, 0.8644122458336734, 0.8330721232003271, 0.834066673669386, 0.8353572239791729, 0.8342111586519083, 0.8370979100342799, 0.8349247143181584, 0.8437276249944214, 0.8510192510087653, 0.8483684774007355, 0.8528607922969941, 0.8508876496618616, 0.8550776657211484, 0.8507501876927984, 0.8571245639427723, 0.8589412574414887, 0.8544340343461955, 0.858455347901427, 0.8619498830396849, 0.8638154531547939, 0.8598436259831594, 0.8700632134372818, 0.8695296269642521, 0.8682946504579311, 0.8699323996381186, 0.8727982595858746, 0.8709085650057946, 0.870755731111582, 0.8725521888144571, 0.8748680656877658, 0.8737210801044358, 0.8722156363565695, 0.8741518779014703, 0.873318440048057], "val_loss": [0.6211109057716702, 0.5706103716207587, 0.5261508498502814, 0.4874728684839995, 0.4201698847438978, 0.3430734918169353, 0.2854528206845988, 0.2360771599671115, 0.23397383352984552, 0.20747764538163724, 0.229459745404513, 0.21552579914746078, 0.20665813528973123, 0.19726164638996124, 0.201710212489833, 0.19543398689964545, 0.1948874884325525, 0.196516218068807, 0.19243021536132562, 0.18831516867098602, 0.1919965983732887, 0.19172156472568927, 0.19232017320135367, 0.18830895132344702, 0.1870188285475192, 0.1851436832676763, 0.186259377585805, 0.18532052603752716, 0.18396249769822412, 0.1881119864790336, 0.1849327155429384, 0.1819754336839137, 0.18207386978294537, 0.18079844214346097, 0.1817302752448165, 0.18051100716642712, 0.18082569993060568, 0.18167638746292694, 0.18076276746780975, 0.18028040845756946], "val_F1": [0.46464590375578707, 0.6055902892033198, 0.6272027405676625, 0.5864603154467419, 0.7130559225011008, 0.6969643358899377, 0.6992885903239939, 0.7151728713280476, 0.755479889338157, 0.7579876217905509, 0.6513368228898773, 0.7182463792428564, 0.7570638587985759, 0.761383121769488, 0.7589420275293881, 0.7496602464970242, 0.7482824824778516, 0.7615715485998771, 0.7678615513751049, 0.7662687622693963, 0.772635306019221, 0.772344658708295, 0.7596268190121247, 0.7627240486916514, 0.7731544962728428, 0.7753799163808427, 0.7733516312145219, 0.7723416847504438, 0.7772839875017117, 0.7778321022239254, 0.7739549478874818, 0.7789745583127484, 0.7824021743271905, 0.7809264848953527, 0.7837507324654149, 0.7831856166118004, 0.7804359516276278, 0.7851703715098839, 0.7812370798200885, 0.7836500845511218], "val_IoU": [0.30263110307414104, 0.43429867456769405, 0.4568793652946362, 0.41488776145120376, 0.5540690811421142, 0.5348774059579906, 0.5376200939900877, 0.5566296471862937, 0.6070451436388509, 0.6102899094156421, 0.4829499566270826, 0.5603622783749825, 0.6090931253047294, 0.6147043005398084, 0.6115282640814427, 0.5995652336868933, 0.5978045940901447, 0.6149499777228725, 0.6231942134685127, 0.6210986143780515, 0.6295075211209561, 0.6291217353362837, 0.6124179647347197, 0.6164542743153736, 0.6301971144076407, 0.6331595625063886, 0.6304591037611115, 0.6291177888478225, 0.6357027957076826, 0.6364363714996216, 0.6312614259597806, 0.6379675080613691, 0.6425784917075206, 0.6405901491743232, 0.6443997570120865, 0.6436360609339882, 0.6399302707136998, 0.646321387868811, 0.6410082444129197, 0.6442636897474737],