{"train_loss": [0.5462734924912943, 0.48358403925051907, 0.4628300713413537, 0.438009140300162, 0.3909474947324996, 0.2856278668460532, 0.20597920370567974, 0.17934309967138148, 0.16723410595101093, 0.15647762667372395, 0.15244144934072415, 0.15115327949141277, 0.1496993742055363, 0.14487879162217365, 0.14510338633884617, 0.14644883284843507, 0.14357321736989198, 0.1424196091453725, 0.14129952718446284, 0.13992888161552297, 0.14090739975495595, 0.1382814620625335, 0.13798565951026517, 0.13759623434195303, 0.13567544700800147, 0.13557492061652274, 0.13412824760616562, 0.1334121935222865, 0.13305595777775525, 0.13378959673422355, 0.13186802233688136, 0.13174948873527256, 0.13176538795232773, 0.13135382097689705, 0.13043062119081678], "train_F1": [0.1217874008387486, 0.5721401259559155, 0.6379626541674336, 0.6687796969087089, 0.6829751313371176, 0.7337612863237485, 0.7635830072232795, 0.7673488369870682, 0.7725316651803023, 0.784818231722479, 0.788945735616366, 0.7872247889516034, 0.788465839629637, 0.7941701882443335, 0.7954770831200737, 0.7942636416251134, 0.7975568592783091, 0.7994951676649409, 0.8018462116607152, 0.8015330212292203, 0.8007590500412861, 0.8043434809100258, 0.8055378130304323, 0.805410021539124, 0.8077599112546225, 0.8080676590270582, 0.8097668690677908, 0.8112358318864971, 0.8107632063919252, 0.8124480699743006, 0.8119191392629378, 0.813784717468856, 0.8144355908088784, 0.8139137953479253, 0.8140621887116302], "train_IoU": [0.0648421807484067, 0.4006976709384375, 0.4683885182145788, 0.5023809322586976, 0.5185742103947606, 0.5794810081216286, 0.6175772507853036, 0.6225190548731248, 0.6293699342507105, 0.6458443108761681, 0.6514536621675661, 0.6491102240382027, 0.6507995114133679, 0.6586088521795923, 0.6604084255869508, 0.658737406488792, 0.663280310118968, 0.6659658054935701, 0.6692348006278257, 0.6687985863835156, 0.6677215701055352, 0.6727211938109278, 0.6743937328599214, 0.6742146142702653, 0.6775144695097842, 0.6779475908569229, 0.6803430756742326, 0.6824194854172628, 0.6817508596686763, 0.6841368780872755, 0.6833871044427389, 0.6860345920787697, 0.6869602229072865, 0.6862180777042912, 0.686429069857597], "train_mF1": [0.2496115113433354, 0.4443216979227663, 0.49556165410767156, 0.5259301201252995, 0.5499549741539107, 0.5956349492963866, 0.6180194638707063, 0.6287738623909399, 0.632742482515848, 0.6392819279741782, 0.6429572582789828, 0.6440564604194493, 0.6453280259111215, 0.6488723521123997, 0.6486803322450758, 0.6482872434420145, 0.6516819681375324, 0.6532888725917798, 0.6536723706048797, 0.6557868007944736, 0.6559015769735108, 0.6589401952579641, 0.6571946012609872, 0.6589501553583875, 0.6608716940823502, 0.660647742290875, 0.6613559153177363, 0.6630647345371036, 0.6627883929927256, 0.6628288116209388, 0.6641507625414322, 0.6651655706425722, 0.6651926145383675, 0.6646039386252696, 0.6657548260995607], "train_precision": [0.06565109138756738, 0.427748177382645, 0.49674246917714593, 0.5290955842357712, 0.5535404879540625, 0.6403753516074296, 0.7025872957200943, 0.72250156332712, 0.7328264037902451, 0.73733281585861, 0.7452070636084066, 0.7476567868431903, 0.7470007625308734, 0.7511616393308594, 0.7520057215607886, 0.7551712985458285, 0.7573629969717691, 0.7610048129515499, 0.7608463431545102, 0.758369355004941, 0.7633757775541171, 0.7657791350787269, 0.7653005698354081, 0.7671505183906157, 0.7672204597827615, 0.7700972152958633, 0.7712565099165809, 0.7724074523178747, 0.7727362253188241, 0.7727307534443785, 0.7736736394981529, 0.7739601809899304, 0.7754280670785525, 0.7727983690435679, 0.7755686053320342], "train_recall": [0.8403214950983725, 0.8636898405708281, 0.8913735036293142, 0.9086747831049453, 0.8914151792537744, 0.859034246761359, 0.8361763671785429, 0.8181321107148922, 0.8167859373726949, 0.8388409331361137, 0.8381388841251272, 0.8312149110670092, 0.8348048094437023, 0.8424028484542857, 0.8442827216954066, 0.8376242606417434, 0.8422560648547355, 0.84208649887526, 0.8475164905300394, 0.8499066630203813, 0.8419922494962852, 0.8469979766980799, 0.8502409716302181, 0.8476860087725254, 0.852822522426114, 0.8499766408725271, 0.8523251451146572, 0.8541745878710518, 0.8527265780871928, 0.8564694419359439, 0.8541425076276065, 0.8579299642078525, 0.8575755003649821, 0.8596500162108118, 0.8565764102007006], "val_loss": [0.4989289167736258, 0.47731276601552963, 0.465831387255873, 0.43717783050877707, 0.3845522076423679, 0.29958196729421616, 0.2529294317854302, 0.20972188309367215, 0.2058425092005304, 0.191638168346669, 0.19069181928145035, 0.19591926424098866, 0.18652604334056377, 0.18622878326901368, 0.18191859950976713, 0.183856540891741, 0.17783087704862868, 0.17794568304504668, 0.17868824542633124, 0.17908538106296742, 0.18107923931841338, 0.17630674982709543, 0.17543724857802903, 0.17665508283036097, 0.176587457635573, 0.17515264957078866, 0.1724500165187887, 0.17383470279829843, 0.17258904874324799, 0.17247302417776414, 0.1715133333844798, 0.17370629111038788, 0.173583282556917, 0.17148718437446014, 0.17246996611356735], "val_F1": [0.6305737436153994, 0.651296793911278, 0.6580083320785022, 0.7054359156481107, 0.7086984175532377, 0.750039272235134, 0.7387621857506647, 0.7532960440350771, 0.7538085071565304, 0.7757309095119551, 0.7789801580219673, 0.7745751079891809, 0.7835659866881338, 0.7785555758843697, 0.7806145777562401, 0.776457655067439, 0.784984110584073, 0.7852570289509657, 0.7885680598371427, 0.7855346520288243, 0.7866440107560585, 0.7870760206253844, 0.7886334533572579, 0.7882382491877132, 0.7887035529148091, 0.7916895598763357, 0.7918200968016852, 0.7921838474961315, 0.7921716105136619, 0.7927712807139073, 0.7918810221700061, 0.7926898259365238, 0.7923556430446195, 0.7926937457718436, 0.7927703385136676], "val_IoU": [0.4604656444080214, 0.482905943257937, 0.4903222186898061, 0.5449215872548173, 0.548824865691246, 0.600050270040345, 0.5857437648984238, 0.6042300904163264, 0.6048897873925816, 0.6336277829269676, 0.6379750199309062, 0.6320869708450009, 0.6441500139862049, 0.6374056490110649, 0.6401705018909044, 0.6345981062962195, 0.6460690081686293, 0.646438833289012, 0.6509388053043513, 0.6468152041893157, 0.6483208701563562, 0.6489079563182527, 0.6510279283697626, 0.6504894618594201, 0.6511234758532559, 0.655203773456853, 0.6553826087535186, 0.6558811503339239, 0.6558643739534509, 0.6566868962351401, 0.6554660896001911, 0.6565751229185343, 0.6561167105870847, 0.656580501422666, 0.6566856032493557], "val_mF1": [0.4263838459928815, 0.46536247333517283, 0.5221466115499611, 0.5277151933323452, 0.5480168348838432, 0.5754825359379958, 0.5730037490070794, 0.5790342020974723, 0.5904741484922298, 0.595172887932454, 0.5930345317642517, 0.5799277669516509, 0.5983072213926252, 0.6024004523714431, 0.598845271287978, 0.603238203230813, 0.6022999613954282, 0.6051216665888205, 0.6054920377378888, 0.6001850510337935, 0.5925503879917198, 0.6044488946645142, 0.6049573244579355, 0.6015180291755177, 0.6064912937553164, 0.6042961960643265, 0.6086895113804234, 0.6053643093597995, 0.604826564920592, 0.605267832101379, 0.6079169476622129, 0.60486330433435, 0.6038242230636386, 0.6067389427034129, 0.605308420033065], "val_precision": [0.5327427360532794, 0.5233283564832271, 0.5296339689722043, 0.585007226418696, 0.6106176669641307, 0.730149394188919, 0.6734869197046451, 0.6607001217874653, 0.6973770376368693, 0.726411889289664, 0.7633629050208274, 0.7556435986704264, 0.7852473468844605, 0.7490089538532181, 0.7390828159341676, 0.7245012875782769, 0.7441750022261138, 0.7488560458633566, 0.7797605071613055, 0.7651210627139403, 0.7835288704853922, 0.751060820367751, 0.7652475363222062, 0.771577227518599, 0.768342679421328, 0.7840320301460197, 0.7693900190619043, 0.7873879180574644, 0.7772473700988205, 0.780351040446662, 0.7676054695698816, 0.7848711662418211, 0.7848368646821786, 0.775869315253162, 0.7799378165267005],